Name,username,DOB,Interests,City,Country
Jesse Lawhorn,@jlawhorn_1,1958-10-15,Movies|Fashion|Fashion|Books,Sibolga,Indonesia
Sheryl Morgan,@smorgan_7,1969-02-09,Outdoor activities|Movies,Haslingden,United Kingdom
Doris Vinci,@dvinci_21,2002-08-17,Music|Sports|Movies,Yŏnan-ŭp,North Korea
William Richardson,@wrichardson_23,1964-10-31,Science|Movies,Zhakou,China
Ruth Burns,@rburns_25,1990-10-18,Science|Movies|Health and wellness|Finance and investments|Books,Magangué,Colombia
Christian Kim,@ckim_34,1965-11-16,Finance and investments|Photography|Finance and investments|Movies,Damascus,Syria
William Putnam,@wputnam_44,1959-04-04,Parenting and family|Movies|Cars and automobiles,St Clair,Australia
Heidi Morrow,@hmorrow_45,1965-10-02,Movies|Pets,Fendou,China
David Haden,@dhaden_55,2001-12-25,Movies|Social causes and activism|Business and entrepreneurship,Lubbock,United States
Jane Blackwell,@jblackwell_65,1961-02-12,Travel|Cooking|Parenting and family|Movies|Books,Ancaster,Canada
John Greene,@jgreene_85,1971-07-07,Gaming|Movies,Nouméa,New Caledonia
Anna Whitfield,@awhitfield_95,2001-01-05,Movies|Social causes and activism|Outdoor activities,Gaoliu,China
Nanci Sabatino,@nsabatino_97,2000-09-17,Technology|Movies,Ocotlán de Morelos,Mexico
Connie Turner,@cturner_100,1978-02-24,Movies|Music|Business and entrepreneurship|Food and dining,Pastavy,Belarus
Dawn Diaz,@ddiaz_121,1988-12-05,Politics|Fashion|Beauty|Movies|Cars and automobiles,Al Hārithah,Iraq
Terry Herald,@therald_128,1973-12-25,Cooking|Science|Movies,Amsterdam-Zuidoost,Netherlands
William Ashford,@washford_132,2000-02-02,Fashion|Books|Travel|Movies,Diepsloot,South Africa
Salina Day,@sday_160,1966-04-25,History|Movies|Education and learning|Fashion,Al Khafjī,Saudi Arabia
Linsey Gannon,@lgannon_164,1958-07-06,Parenting and family|Movies|Nature|Cooking|History,Datong,China
Isaac Jackson,@ijackson_166,1971-09-26,Movies,Jinan-gun,South Korea
Valerie Woock,@vwoock_192,1995-12-02,Art|Movies|Technology|DIY and crafts,Lidingö,Sweden
James Gordillo,@jgordillo_218,1999-08-26,Art|Social causes and activism|Movies|Cooking,Saint-Ouen-l'Aumône,France
Justin Fuqua,@jfuqua_233,1995-04-11,Movies|Education and learning,Braunschweig,Germany
Elsie Stephens,@estephens_234,1977-09-30,Fashion|Nature|Books|Movies|DIY and crafts,Duliāgaon,India
Kevin Wirtz,@kwirtz_242,2002-07-11,Finance and investments|Beauty|Movies|Photography|DIY and crafts,Ermesinde,Portugal
Louis Skinner,@lskinner_251,1956-06-04,Movies|Books|Business and entrepreneurship|Finance and investments,Holloway,United Kingdom
Randall Grant,@rgrant_261,1981-01-17,Travel|Cars and automobiles|Photography|Movies|Music,Zamora,Mexico
Brenda Arellano,@barellano_270,1966-03-17,Movies|Finance and investments|Music|Sports,Baliuag,Philippines
Donald Dickey,@ddickey_272,1966-12-05,Technology|Health and wellness|Technology|Cars and automobiles|Movies,Makhachkala,Russia
Carl Parker,@cparker_274,1989-04-04,Social causes and activism|Movies|Music|Business and entrepreneurship|Movies,Timashyovsk,Russia
Joey Presley,@jpresley_284,1959-07-13,Movies,Zürich (Kreis 8),Switzerland
Ronald Mcnealy,@rmcnealy_299,1966-07-21,Photography|DIY and crafts|Sports|Beauty|Movies,East Concord,United States
Edward Passmore,@epassmore_305,1967-06-17,Movies|Education and learning|Fitness|Art,Holiday,United States
Robert Benedetto,@rbenedetto_309,1994-10-16,Gardening|Movies,Fleurus,Belgium
Susan Korfhage,@skorfhage_316,1964-02-21,Beauty|Movies|Health and wellness,Huarmey,Peru
Richard Fullmer,@rfullmer_325,1988-01-28,Photography|Fashion|Photography|Movies,Porirua,New Zealand
Nancy Didonna,@ndidonna_360,1989-04-19,Politics|Gardening|Movies|Fashion,Coney Island,United States
Erika Friou,@efriou_392,1958-06-23,Outdoor activities|Technology|Movies,Ashington,United Kingdom
Melissa Hill,@mhill_402,1994-10-20,Movies,Saluzzo,Italy
Robert Johnson,@rjohnson_412,1985-05-12,Pets|Movies|Music|Gardening,Bellevue,United States
Edward Castellano,@ecastellano_439,1992-12-06,Movies|Fashion|Music|Science,Boca Del Mar,United States
Michael Young,@myoung_449,2001-09-16,Beauty|Movies,Magelang,Indonesia
Joshua Hernandez,@jhernandez_460,1960-01-19,Movies|Gardening|Politics|Beauty,Guntur,India
Franklin Bailey,@fbailey_463,1954-11-26,Cooking|Health and wellness|Movies|Education and learning,Harstad,Norway
Samuel Mosley,@smosley_485,1991-07-18,Movies|Photography|Movies,Staroshcherbinovskaya,Russia
John Avila,@javila_487,1987-08-15,Movies|Pets|Social causes and activism|Health and wellness,El Segundo,United States
Marion Larimer,@mlarimer_494,1969-11-27,Gardening|Movies|Social causes and activism|DIY and crafts,Fenhe,China
Donald Pullins,@dpullins_495,1957-03-29,Fashion|Movies|Music|Music,Ampanihy,Madagascar
Anthony Culp,@aculp_501,1970-07-23,Movies,Yirga ‘Alem,Ethiopia
Jonathan Krings,@jkrings_512,1987-12-23,Movies|Outdoor activities|Cars and automobiles|Movies,Grootfontein,Namibia
Alfredo Gable,@agable_518,1966-03-05,Movies|Travel|Gardening|Travel|Art,Meylan,France
Myrtle Carr,@mcarr_549,1969-04-04,Music|Books|Gardening|Movies,Coimbatore,India
Derrick Pulver,@dpulver_559,1980-05-09,Music|Pets|Pets|Movies,Novaya Derevnya,Russia
Adam Burger,@aburger_560,1975-02-20,Outdoor activities|Movies|Food and dining|Finance and investments|Politics,Penonomé,Panama
Edward Rawls,@erawls_565,1990-05-01,Food and dining|Travel|Finance and investments|Pets|Movies,Bikou,China
Steve Gagnon,@sgagnon_572,1978-06-18,Movies,Skanes,Tunisia
Catherine Modglin,@cmodglin_576,1988-11-23,Business and entrepreneurship|Movies,Tsurusaki,Japan
William Mullins,@wmullins_581,1961-09-02,Movies|Parenting and family|Food and dining|Sports,The Hammocks,United States
Mary Winter,@mwinter_599,1962-09-03,Movies,Macerata,Italy
Danielle Brown,@dbrown_619,1996-01-14,Movies|Business and entrepreneurship,Muzaffarābād,Pakistan
Adriana Boatright,@aboatright_623,1974-03-24,Movies,Wichian Buri,Thailand
Darryl Hall,@dhall_625,2002-10-08,Fashion|Movies,Casa Branca,Brazil
Marjorie Smith,@msmith_637,1992-09-09,Education and learning|Art|Movies|DIY and crafts|Education and learning,Limay,Philippines
Maria Holland,@mholland_638,1973-11-30,Finance and investments|Movies,Depok,Indonesia
Alma Deen,@adeen_644,2002-01-14,Books|Pets|Movies|Technology|Parenting and family,Kiomboi,Tanzania
Russell Workman,@rworkman_647,2002-07-07,Outdoor activities|Movies|Health and wellness|Pets|Books,Dorset Park,Canada
James Frazer,@jfrazer_649,1977-12-11,Health and wellness|Movies|Business and entrepreneurship,Kaulsdorf,Germany
Bethany Castro,@bcastro_650,1984-07-12,Fashion|Movies|Art,Garzón,Colombia
Casey Holsten,@cholsten_658,1980-01-18,Finance and investments|Nature|Movies|Health and wellness|Nature,San Pa Tong,Thailand
Richard Rooks,@rrooks_674,1977-03-18,Movies|Photography|Business and entrepreneurship|Music|Photography,Grodzisk Mazowiecki,Poland
Walter Irby,@wirby_681,1964-07-22,Sports|Movies|Movies|Music,Woburn,United States
Alla Mccants,@amccants_712,1954-11-15,Movies|Finance and investments,Kachhwa,India
Tim Miller,@tmiller_745,1973-06-19,DIY and crafts|Movies|Food and dining,Chengjiao,China
Annette Reed,@areed_768,1966-07-19,Sports|Outdoor activities|Movies,Bakau,Gambia
Jackie Fletcher,@jfletcher_771,1957-08-31,Art|Gardening|Pets|Movies,Gongqingcheng,China
James Durden,@jdurden_773,1965-03-18,Finance and investments|Movies,Ciudad Altamirano,Mexico
Harold Mimms,@hmimms_774,1954-03-22,Technology|Business and entrepreneurship|Movies,Avondale,United States
Carlton Wimberly,@cwimberly_791,2003-09-21,Movies|Fitness|Cars and automobiles|Technology,Santiago de las Vegas,Cuba
Richard Whitman,@rwhitman_805,1988-03-03,Science|Pets|Health and wellness|Movies|Technology,Rāmgundam,India
Dana Nelson,@dnelson_815,1970-02-12,Health and wellness|Books|Outdoor activities|DIY and crafts|Movies,Contramaestre,Cuba
Carmen Noe,@cnoe_819,1996-09-22,Movies|Politics|Beauty|Technology,Jacarezinho,Brazil
Jessica Alston,@jalston_821,1992-03-09,Gardening|Books|Movies|Movies,Kensington-Chinatown,Canada
Robert Garcia,@rgarcia_823,2004-01-10,Movies|Books,Asha,Russia
Cora Crider,@ccrider_829,1985-06-05,Cooking|Movies|Photography|Business and entrepreneurship|Cooking,Hranice,Czechia
Charles Walker,@cwalker_836,1966-12-08,Outdoor activities|Movies|Music,Fūman,Iran
Robert Thulin,@rthulin_860,1961-08-07,Art|Parenting and family|Movies,San Pedro,Costa Rica
Frances Stevenson,@fstevenson_886,1977-07-31,Movies|Beauty|Cooking|Science,Lebbeke,Belgium
Lisa Jones,@ljones_898,1954-09-07,Fitness|Food and dining|Movies,Bazar-Korgon,Kyrgyzstan
Clara Corea,@ccorea_903,1955-11-09,Politics|Parenting and family|Movies,Sumusţā as Sulţānī,Egypt
Alice Kelley,@akelley_930,1994-07-14,Business and entrepreneurship|Movies,Provenals del Poblenou,Spain
Patsy Fullard,@pfullard_932,1986-07-26,Science|Pets|Movies|Travel|Health and wellness,Timmins,Canada
Margaret Evans,@mevans_941,1961-05-31,Fitness|Movies,Sancaktepe,Turkey
Kermit Kight,@kkight_944,1966-02-25,History|Science|Nature|Art|Movies,Kashihara,Japan
Matthew Clark,@mclark_946,1969-12-14,Movies|Sports|Photography|Education and learning|Gaming,Montrouge,France
Charles Guignard,@cguignard_970,1966-03-24,Movies|Science|Fashion,Laredo,Peru
Susan Keenan,@skeenan_972,1970-01-17,History|Music|Finance and investments|Movies,Mutare,Zimbabwe
Denisha Nadeau,@dnadeau_976,1983-06-29,Movies|Science,Lanzhou,China
Willard Hartis,@whartis_1013,1988-10-13,Movies|Business and entrepreneurship|Art|Cooking,Ayutuxtepeque,El Salvador
Sheldon Beasley,@sbeasley_1024,1971-08-02,Fashion|Social causes and activism|Movies,Mokena,United States
Jason Marshall,@jmarshall_1031,1972-11-28,Movies|History|Cooking|Gaming|Nature,Gerrards Cross,United Kingdom
Timothy Moskowitz,@tmoskowitz_1067,1975-12-09,Music|Photography|Travel|Movies,Cumaná,Venezuela
Gladys Ramirez,@gramirez_1085,1963-02-13,Movies|Beauty,New Rochelle,United States
Oscar Walker,@owalker_1086,1966-01-24,Gardening|Finance and investments|Movies|Food and dining|Fitness,Yādgīr,India
Cynthia Fink,@cfink_1093,1961-10-01,Finance and investments|Fashion|Art|Movies|Science,Kirchheim unter Teck,Germany
Paulette Dammeyer,@pdammeyer_1124,1959-11-24,Movies|Fashion|History|Business and entrepreneurship,Menuma,Japan
Tonya Mcarthur,@tmcarthur_1154,1977-09-09,Pets|Gaming|Gaming|Movies|Parenting and family,Mansilingan,Philippines
Aaron Blevins,@ablevins_1157,2003-12-19,Movies|Nature|Fitness|Beauty,Mohammedia,Morocco
Michael Allen,@mallen_1164,1982-09-19,Movies|Education and learning,Bārāmati,India
Phillip Meadows,@pmeadows_1171,1966-12-22,Gardening|Movies|Movies|Social causes and activism|Gaming,Bray,Ireland
Cathy Salazar,@csalazar_1174,1965-05-04,Photography|Movies,Gerrards Cross,United Kingdom
Jose Edwards,@jedwards_1184,1964-07-28,Music|Cars and automobiles|Gardening|Movies|Fashion,Puebloviejo,Colombia
Patrick Shellhammer,@pshellhammer_1193,1987-02-01,Cooking|Nature|Travel|Movies,Blackpool,United Kingdom
Monique Schey,@mschey_1194,1975-12-18,Movies|Art|Music,Cwmbran,United Kingdom
Gerald Cabrera,@gcabrera_1206,2001-08-18,Photography|Movies,Oudtshoorn,South Africa
Dominique Chandler,@dchandler_1208,1975-11-30,Movies|Health and wellness|Music|Food and dining|Beauty,Legionowo,Poland
John Price,@jprice_1210,1998-06-11,Fashion|Health and wellness|Movies|Politics,Pālakkodu,India
Loretta Flott,@lflott_1212,1986-05-31,Food and dining|Outdoor activities|Finance and investments|Movies,Wollert,Australia
Ollie Ramirez,@oramirez_1215,1995-08-07,Politics|Art|Business and entrepreneurship|Science|Movies,Pekanbaru,Indonesia
Perry Girouard,@pgirouard_1219,1959-12-16,Technology|Books|Cars and automobiles|Movies|Sports,Vel’sk,Russia
Joe Cianflone,@jcianflone_1245,1955-10-14,Movies,Layyah,Pakistan
Kimberly Sneed,@ksneed_1246,2000-02-22,Outdoor activities|Business and entrepreneurship|Movies,Daru,Papua New Guinea
Richard Clark,@rclark_1248,1955-09-23,Business and entrepreneurship|Movies,Manturovo,Russia
Michael Moore,@mmoore_1253,1965-12-18,Finance and investments|Movies|Photography|Parenting and family|Fitness,Chamblee,United States
Carolyn Purser,@cpurser_1263,1987-10-28,Gaming|Pets|Movies|Food and dining|Travel,Vişeu de Sus,Romania
Della Grinder,@dgrinder_1272,1963-05-31,Movies|Politics|Food and dining|Parenting and family,Fatehgarh Chūriān,India
Eric Watts,@ewatts_1278,2003-02-14,Beauty|Movies|Food and dining,Yambio,South Sudan
John Murphy,@jmurphy_1281,1964-10-25,Beauty|Movies|Education and learning,Phu Kradueng,Thailand
Sheila Johnson,@sjohnson_1282,1961-04-26,Music|Gardening|Movies,Tripoli,Libya
Victor Coppedge,@vcoppedge_1299,1971-03-27,Movies|Science,Jyväskylä,Finland
Marshall Portillo,@mportillo_1333,1956-04-01,Fashion|Movies|Fitness|Beauty,Passo Fundo,Brazil
Arnette Mcilwain,@amcilwain_1334,1963-08-26,Movies|Fashion,Machakos,Kenya
Johnnie Arnold,@jarnold_1336,1965-03-05,Technology|Movies|Beauty|Parenting and family,Birchcliffe-Cliffside,Canada
Darren Osborne,@dosborne_1350,1988-04-15,Outdoor activities|DIY and crafts|Movies,Burnie,Australia
John Nicholson,@jnicholson_1363,1988-02-07,Fitness|Fashion|Movies,SeaTac,United States
Edward Villarreal,@evillarreal_1381,1971-05-02,Education and learning|Art|Movies|Books,Ottobrunn bei München,Germany
Jeffrey Mishar,@jmishar_1397,1964-01-14,Social causes and activism|Photography|Fashion|Movies|Outdoor activities,Imarichō-kō,Japan
Santos Cook,@scook_1416,2004-11-01,Travel|Photography|Movies|Pets|Technology,Nijmegen,Netherlands
Michael Lanza,@mlanza_1465,1993-10-09,Movies|Gaming|Finance and investments|Photography,Blora,Indonesia
Lillian Laperle,@llaperle_1466,1965-06-07,Art|Gardening|History|Movies,Lérida,Colombia
Era Shape,@eshape_1507,2003-03-19,Outdoor activities|Movies|Business and entrepreneurship,Bothell,United States
Robert Young,@ryoung_1509,1978-04-07,Food and dining|Movies|Gaming,Gladbeck,Germany
Raymond Meeks,@rmeeks_1516,2002-05-28,Travel|Science|Pets|Movies,Dhulagari,India
Diane Paiva,@dpaiva_1532,1990-05-28,History|Gardening|Movies,Alfragide,Portugal
Richard Carter,@rcarter_1541,1994-08-26,Movies|Education and learning|Gardening|History,Sevilla,Spain
Candy Payne,@cpayne_1569,1994-06-07,Travel|Movies,Jeffersontown,United States
Terrance Blankenship,@tblankenship_1572,1969-05-30,Gardening|Parenting and family|Beauty|Movies|Business and entrepreneurship,Iracemápolis,Brazil
Carmela Long,@clong_1578,1990-07-09,Movies,Berchem,Belgium
Maritza Boyles,@mboyles_1580,1990-09-27,Movies|History|Parenting and family,Bagong Silangan,Philippines
Clifford Montgomery,@cmontgomery_1589,1993-06-12,Health and wellness|Technology|Education and learning|Movies|Beauty,Oswego,United States
Jonathan Heller,@jheller_1591,1969-03-16,Beauty|Social causes and activism|Science|Movies|Movies,Temuco,Chile
Terisa Ortiz,@tortiz_1608,1963-12-08,Movies|Cars and automobiles,Elazığ,Turkey
Bonnie Murray,@bmurray_1610,1984-03-25,Photography|Sports|Movies,Hayang,South Korea
Angela Garay,@agaray_1626,1995-10-12,Fashion|Beauty|Movies,Sangāreddi,India
Jacob Justiss,@jjustiss_1629,1966-07-09,Books|Movies|Fashion|Cars and automobiles,Beyşehir,Turkey
Jesus Martell,@jmartell_1635,1985-11-21,Movies|Business and entrepreneurship|Books,Medford,United States
Jacob Fournier,@jfournier_1640,1982-01-24,Movies|Science|Photography|Books|Science,Horishni Plavni,Ukraine
Ben Needham,@bneedham_1642,1970-12-12,History|Science|Movies,Dietzenbach,Germany
Linda Zucker,@lzucker_1648,1962-10-23,Movies|Nature,Baia Sprie,Romania
Diane Allen,@dallen_1672,1964-07-01,Photography|Movies,Guinguinéo,Senegal
Lynnette Alder,@lalder_1673,1954-02-06,Fitness|Movies|Outdoor activities|History,Pasay,Philippines
Carla Williams,@cwilliams_1684,1994-10-23,Fitness|Finance and investments|Movies|Business and entrepreneurship|Beauty,Spanish Fork,United States
Carrie Stout,@cstout_1688,1976-09-06,Gardening|Business and entrepreneurship|Gaming|Health and wellness|Movies,Jammalamadugu,India
Archie Standish,@astandish_1694,1982-03-17,Parenting and family|Fitness|Movies|Cars and automobiles,Villach,Austria
Chrissy Daniels,@cdaniels_1707,1957-03-16,Books|Movies|Technology|Social causes and activism|History,Grayslake,United States
Emmanuel Brown,@ebrown_1711,1957-01-31,Fitness|Sports|Gardening|Finance and investments|Movies,Xalisco,Mexico
Iva Ciaccio,@iciaccio_1719,1974-05-25,Movies|Fashion|Politics|Food and dining|Fashion,Korsakov,Russia
Ralph Gomez,@rgomez_1727,1961-07-01,Politics|Movies,Spitak,Armenia
Robert Mcdonnell,@rmcdonnell_1745,1967-03-07,Movies,Rouached,Algeria
Mattie Gayle,@mgayle_1751,1983-08-02,Movies|Science,Houghton-Le-Spring,United Kingdom
Estelle Mason,@emason_1756,1974-02-09,Books|History|Movies|Business and entrepreneurship,Kiryat Gat,Israel
Anna Reynolds,@areynolds_1757,1957-03-17,Movies|Gaming|Movies|Gardening|Books,Sciacca,Italy
Susan Okeefe,@sokeefe_1760,1992-08-01,Movies|Parenting and family,Situbondo,Indonesia
Kenneth Travis,@ktravis_1784,1972-12-31,Books|Movies,La Crescenta-Montrose,United States
Arthur Green,@agreen_1787,1970-08-06,Music|Movies|Business and entrepreneurship|Politics,Carnot,Central African Republic
Laura Baird,@lbaird_1790,1994-12-10,Movies,Cranston,United States
Jack Burton,@jburton_1792,2001-11-14,Fitness|Movies,Tonggu,China
Christine Maddox,@cmaddox_1799,1996-05-27,Movies,Acopiara,Brazil
Minnie Mcgee,@mmcgee_1800,2000-03-17,Art|Movies|Fitness,Takayama,Japan
Sylvia Terry,@sterry_1806,1979-08-22,Education and learning|Nature|Movies|Food and dining,Hāpur,India
Sarah Jones,@sjones_1807,1968-03-26,Movies|Books|DIY and crafts,Udumalaippettai,India
June Drew,@jdrew_1848,1991-07-26,Photography|Movies|Cooking,San Benito,United States
Shirley Price,@sprice_1852,1954-03-11,Movies,Clairlea-Birchmount,Canada
Geoffrey Head,@ghead_1858,1972-11-18,Beauty|Movies|Music|Art|Pets,Gatineau,Canada
Florence Whaley,@fwhaley_1860,1972-08-28,Health and wellness|Beauty|Movies,Green,United States
Billy Davis,@bdavis_1864,1973-09-03,Education and learning|Movies|Technology,Khairābād,India
Ivan Salgado,@isalgado_1865,1960-10-04,Science|Movies,G‘azalkent,Uzbekistan
Robert Burdett,@rburdett_1876,1976-09-07,Education and learning|Movies,Fallbrook,United States
Ella Bruch,@ebruch_1877,1972-01-30,Technology|Movies,Alexandra Hills,Australia
Mary Hahn,@mhahn_1880,1966-05-29,Cars and automobiles|Education and learning|Fitness|Movies|Fashion,Yoshii,Japan
Edna Lovejoy,@elovejoy_1927,1998-08-15,Movies|Food and dining|Sports|Gardening,Shangsi,China
David Gillham,@dgillham_1928,1954-02-01,Cars and automobiles|Fashion|Movies,Zürich (Kreis 9),Switzerland
Joe Taylor,@jtaylor_1933,1976-02-17,Gaming|Gardening|Movies|Photography|Cars and automobiles,Maputsoe,Lesotho
Carolyn Oatman,@coatman_1939,2000-10-26,Fashion|Food and dining|Movies|Music|Science,Biesdorf,Germany
Sandra Evans,@sevans_1942,1982-03-04,Movies,Jakomini,Austria
Joseph Klinger,@jklinger_1943,1979-03-05,Social causes and activism|Science|Health and wellness|Movies,Kleinmachnow,Germany
Nathan Emling,@nemling_1950,2002-02-16,Social causes and activism|Movies|Nature,Pitangueiras,Brazil
Minnie Hubbell,@mhubbell_1964,1964-02-25,Health and wellness|Social causes and activism|Movies|Books,Sanchazi,China
Arnold Barrett,@abarrett_1967,1976-03-20,Cooking|Movies|Art|Photography|Gardening,Erdaojiang,China
Lisa Deshotel,@ldeshotel_1969,2002-10-19,Movies|Fitness|Food and dining,Zahir Pir,Pakistan
Mary Pack,@mpack_1970,1997-02-12,Music|Nature|Movies|Music|Art,Larache,Morocco
Patsy Thomas,@pthomas_1989,1996-01-05,Cooking|Movies,Aurora,United States
Lauren Gallegos,@lgallegos_1994,1966-12-23,History|Cooking|Movies|Finance and investments|Gardening,Aguascalientes,Mexico
Annie Haskin,@ahaskin_1995,1971-05-22,DIY and crafts|Finance and investments|Movies,Lasem,Indonesia
Bruce Gadbois,@bgadbois_2010,1973-09-16,Politics|Nature|Nature|Movies|Gaming,Tucacas,Venezuela
Mary Bowden,@mbowden_2013,1980-03-19,Movies|Politics|Education and learning|Sports|Cars and automobiles,Kranj,Slovenia
Sherman Roe,@sroe_2015,1983-01-11,DIY and crafts|Movies,Tanque Verde,United States
Deborah Senn,@dsenn_2035,1959-10-19,Movies|Nature|Sports|Music,Fossano,Italy
Angie Williams,@awilliams_2044,1961-12-20,Movies,Kidlington,United Kingdom
Lawrence Haugen,@lhaugen_2051,1994-09-09,Movies,Bentleigh East,Australia
Will Kim,@wkim_2061,1966-08-28,Outdoor activities|Finance and investments|History|Movies,Manassas Park,United States
Sharon Wilson,@swilson_2062,1965-06-05,Movies|Technology|Fashion,Bad Driburg,Germany
Marcia Roll,@mroll_2077,1987-04-08,Health and wellness|Movies|Parenting and family|Education and learning,Guna,India
Wanda Godbey,@wgodbey_2097,1984-03-03,Technology|Nature|Movies|Politics,San José Iturbide,Mexico
Charles Lantz,@clantz_2101,1981-02-08,Movies|Health and wellness|Gardening|Fitness,Goslar,Germany
Ralph Stone,@rstone_2104,1992-12-11,Business and entrepreneurship|Fitness|Social causes and activism|Movies,Iranshahr,Iran
Buddy Silvey,@bsilvey_2114,1979-07-12,Movies|Beauty|Books,Fujishiro,Japan
Douglas Covert,@dcovert_2122,1958-09-23,Movies,Msowero,Tanzania
Maxwell Hall,@mhall_2124,1992-08-28,Travel|Photography|Movies,Lugu,Taiwan
Laverne Hall,@lhall_2126,1954-12-24,Beauty|Science|Movies|Politics|Education and learning,Lohārdagā,India
Bessie Favuzza,@bfavuzza_2130,1974-07-18,Pets|Beauty|Beauty|Movies,Neelankarai,India
Danielle Nystrom,@dnystrom_2135,1954-09-24,Social causes and activism|Movies|Photography|DIY and crafts,Middleborough,United States
Gabriel Roja,@groja_2139,1978-01-14,Fashion|Fitness|Movies|History|Gaming,Tor Lupara,Italy
Teresa Burgess,@tburgess_2156,1997-08-19,Gardening|Movies,Shanji,China
Jill Goss,@jgoss_2157,1986-03-31,Movies|Travel|Education and learning|Gaming|Food and dining,Ancaster,Canada
Amber Dougherty,@adougherty_2159,1992-08-01,Travel|Health and wellness|Outdoor activities|Pets|Movies,Atami,Japan
Richard Goucher,@rgoucher_2161,1970-06-28,Movies|Gaming,Dudelange,Luxembourg
Marion Austin,@maustin_2164,1992-07-23,Photography|Health and wellness|Movies|Finance and investments,Bắc Giang,Vietnam
Luisa Brescia,@lbrescia_2165,1971-02-04,Politics|Nature|Cars and automobiles|Movies,Flores da Cunha,Brazil
Michael Severson,@mseverson_2169,1997-05-29,Fashion|Art|Movies|Health and wellness,Ureshinomachi-shimojuku,Japan
Nathan Enciso,@nenciso_2170,1977-12-11,Movies|Travel|Business and entrepreneurship|Social causes and activism|Gaming,San Andrés Cholula,Mexico
Nanette Anderson,@nanderson_2175,1967-01-26,Business and entrepreneurship|Movies|Business and entrepreneurship|Travel,Wantagh,United States
Bert Terrell,@bterrell_2186,1962-11-01,Gaming|Photography|Movies|DIY and crafts|Science,Shar’ya,Russia
Kevin Deason,@kdeason_2195,1980-12-03,Science|Business and entrepreneurship|Fashion|Movies|History,Mene de Mauroa,Venezuela
Richard Yocum,@ryocum_2222,1970-07-18,Movies|Business and entrepreneurship|Parenting and family|Music|Social causes and activism,Sarankhola,Bangladesh
Darlene Browning,@dbrowning_2228,1959-03-27,Science|Sports|Outdoor activities|Movies|Beauty,Cudahy,United States
Elizabeth Rios,@erios_2231,1971-07-12,DIY and crafts|Cooking|Social causes and activism|Movies|Social causes and activism,Rødovre,Denmark
Brian Denison,@bdenison_2233,2000-08-17,Movies|Parenting and family|Sports|Cooking,Beaumont,United States
Leroy Peters,@lpeters_2243,1981-05-03,Movies|DIY and crafts|Movies,Gucheng Chengguanzhen,China
Karl Butler,@kbutler_2244,1994-06-15,Social causes and activism|Sports|Parenting and family|Parenting and family|Movies,Ocumare del Tuy,Venezuela
Alma Bradley,@abradley_2250,2000-04-21,Movies|Science,Al Khums,Libya
Eugene Cummins,@ecummins_2262,1977-07-09,Fashion|Parenting and family|Beauty|Fitness|Movies,Bansalan,Philippines
Sara Pappas,@spappas_2270,1965-10-01,Sports|Technology|Movies,Halifax,United Kingdom
Regina Mills,@rmills_2284,1982-06-26,Movies|Finance and investments|Politics|Gaming,Lankwitz,Germany
Jesus Bartolet,@jbartolet_2290,1963-08-25,Science|Movies|Music,Nottingham,United Kingdom
Thomas Whitworth,@twhitworth_2291,1999-03-03,Technology|Movies|Parenting and family|Outdoor activities,Tor Lupara,Italy
Georgia Vanscyoc,@gvanscyoc_2300,1987-07-02,Movies,Nangwa,Tanzania
Janet Castro,@jcastro_2312,1989-01-23,Movies|Gaming|Health and wellness|Books|Finance and investments,Wazirabad,Pakistan
Rachael Ford,@rford_2315,1967-12-27,Movies|Science|Books|Technology,Wayne,United States
Lois Mcgowan,@lmcgowan_2350,1967-11-02,Pets|Movies|Cars and automobiles,Wejherowo,Poland
Priscilla Junker,@pjunker_2359,1996-12-06,Cars and automobiles|Gaming|Movies,Naas,Ireland
David Gonzalez,@dgonzalez_2388,1966-03-05,Food and dining|Fashion|Movies|Cooking|DIY and crafts,Madhupur,India
Charles Cobb,@ccobb_2389,1982-09-02,Cooking|Nature|Movies|History|Sports,Stockach,Germany
Richard Kanish,@rkanish_2402,1978-02-08,Movies|Technology,Sri Jayewardenepura Kotte,Sri Lanka
Billy Stamm,@bstamm_2403,1984-06-04,Gaming|Books|Books|Movies,Kinshasa,Democratic Republic of the Congo
Billy Williams,@bwilliams_2404,2001-03-03,Science|Movies|Cars and automobiles|Science,Orsk,Russia
Ellen Small,@esmall_2408,1973-04-16,Books|History|Fashion|Movies|Sports,Mysłowice,Poland
Dorthy Carter,@dcarter_2425,1959-08-02,Outdoor activities|Movies,Tyre,Lebanon
Timothy Inman,@tinman_2429,1992-11-22,Business and entrepreneurship|Movies|Art|Nature,Al ‘Amārah,Iraq
Caroline Slack,@cslack_2435,1954-03-17,Science|Parenting and family|Food and dining|Movies|Social causes and activism,Shuanglonghu,China
Maria Degirolamo,@mdegirolamo_2439,1960-05-08,Photography|Art|Finance and investments|Gaming|Movies,Brescia,Italy
Lori Jeanbaptiste,@ljeanbaptiste_2441,2002-08-21,Movies,Danville,United States
Weston Weaver,@wweaver_2444,2001-07-12,History|Fashion|Movies|Cars and automobiles|Parenting and family,Boukadir,Algeria
Jenna Goodwin,@jgoodwin_2454,1971-01-19,DIY and crafts|Movies|Fitness|Nature|Technology,Birecik,Turkey
Shirley Sanchez,@ssanchez_2458,1984-07-13,Fashion|Movies,Saint Clair Shores,United States
Amanda Kramer,@akramer_2485,1974-12-06,History|Movies,Dīdwāna,India
Annie White,@awhite_2505,1970-07-08,Business and entrepreneurship|Travel|Food and dining|Movies|Pets,Dois Córregos,Brazil
Rickey Davis,@rdavis_2506,1991-11-11,Movies|Politics|Photography|Outdoor activities,Plainville,United States
Mary Thomas,@mthomas_2511,1982-02-18,Movies|Movies,Chengyang,China
Stacy Amari,@samari_2516,1973-11-14,Movies|Sports|History|Politics,Périgueux,France
Charles Kinser,@ckinser_2518,1976-07-16,Music|Movies|DIY and crafts,Nagqu,China
James Norman,@jnorman_2521,1980-10-20,Outdoor activities|Outdoor activities|Movies|Travel,Latina,Spain
Rosalie Medina,@rmedina_2524,2000-10-04,Business and entrepreneurship|Fashion|Politics|Science|Movies,Cajuru,Brazil
Jeffery Golden,@jgolden_2530,1971-12-25,Parenting and family|Movies|Beauty|Fitness,Ksar El Kebir,Morocco
Tracy Lockhart,@tlockhart_2555,1969-03-24,Education and learning|DIY and crafts|Movies,Dhāri,India
Gussie Patton,@gpatton_2557,2004-10-06,History|Cooking|Politics|Fashion|Movies,Jebba,Nigeria
Mary Velez,@mvelez_2566,2004-06-26,Pets|Cars and automobiles|Movies,Kaédi,Mauritania
Linda Kim,@lkim_2567,1983-12-25,Movies|Photography|Beauty,Dareda,Tanzania
Charles Dance,@cdance_2572,1963-07-24,Beauty|Beauty|Books|Movies,Tanabe,Japan
Jose Taylor,@jtaylor_2594,2000-11-03,Movies|Cooking|Fitness|Movies|Books,Coquimbo,Chile
Julia Brown,@jbrown_2595,2002-07-01,Art|Movies|Finance and investments|Gaming,Tosya,Turkey
Eduardo Jones,@ejones_2597,1976-05-24,Technology|Nature|Movies|Gardening,Centre de Flacq,Mauritius
Brian Boudreau,@bboudreau_2608,1994-06-03,Fitness|Outdoor activities|Movies|Gaming|Pets,Boryslav,Ukraine
Christina Chan,@cchan_2611,2004-03-20,Travel|Movies|Politics|Nature,Kishanganj,India
Meagan Mccain,@mmccain_2624,1963-05-15,Photography|Health and wellness|Movies|Business and entrepreneurship,Kornwestheim,Germany
Jeanne Whittle,@jwhittle_2628,1981-11-01,Fashion|Movies|Beauty|Social causes and activism|Gardening,Ahmadpur East,Pakistan
Racheal Lum,@rlum_2644,1957-02-27,Health and wellness|Movies|Travel,Diyarb Najm,Egypt
Kristen Lightfoot,@klightfoot_2674,1966-09-22,Cars and automobiles|Movies|Music,Safranbolu,Turkey
Debra Grove,@dgrove_2680,1978-02-26,Food and dining|Gardening|Movies|Cooking|Food and dining,Santa Maria,Brazil
Blanche Heinz,@bheinz_2682,1988-06-23,DIY and crafts|Cars and automobiles|History|Movies|Fashion,Spring Valley,United States
Deanna Nussbaum,@dnussbaum_2685,1994-10-28,Fashion|Movies|Politics,Rampur Hat,India
John Seneca,@jseneca_2688,2002-11-04,Movies|Pets|Fitness|Education and learning|DIY and crafts,São João del Rei,Brazil
Christina Fike,@cfike_2695,2002-01-16,Movies|Gardening,Batāla,India
Daniel Turner,@dturner_2712,1965-03-03,Movies|Pets,Darwen,United Kingdom
John Anderson,@janderson_2730,1998-11-26,Photography|Movies,Ti Port-de-Paix,Haiti
Jeffrey Eastman,@jeastman_2731,1980-04-30,Movies|Art|Gaming|Pets|Outdoor activities,Meudon,France
Keli Brown,@kbrown_2742,1968-01-25,Technology|Movies|Health and wellness|Art,Conceição do Jacuípe,Brazil
Allen Cook,@acook_2755,1977-03-29,Health and wellness|History|Movies,Tiptūr,India
Julia Dowker,@jdowker_2776,1980-10-12,Movies|Nature,Yongxing,China
Derek Williams,@dwilliams_2807,1990-05-16,Gardening|Fashion|Gaming|Movies|Sports,Holyoke,United States
Duane Abshire,@dabshire_2811,2003-10-03,Movies|Sports,Putyvl,Ukraine
Elizabeth Cote,@ecote_2817,1995-01-02,Movies,Çorum,Turkey
Rebecca Sokol,@rsokol_2845,1969-01-01,Outdoor activities|Travel|Nature|Movies|Music,Stretford,United Kingdom
Mary Mendoza,@mmendoza_2852,1977-01-04,Movies|Fashion|Finance and investments,Warangal,India
Thomas Sturgis,@tsturgis_2871,1973-06-09,Health and wellness|Movies,Qo‘rg‘ontepa,Uzbekistan
Lula Curley,@lcurley_2875,1982-04-25,Finance and investments|Finance and investments|Movies,Cunduacán,Mexico
Freddy Cogar,@fcogar_2882,1999-10-31,Movies|Travel,Seondha,India
Kathryn Brewer,@kbrewer_2904,1958-06-05,Gardening|DIY and crafts|Nature|Movies,Kailāras,India
Constance Evans,@cevans_2917,1989-06-19,Movies|Art|Sports|Movies,Deçan,Kosovo
Jessia John,@jjohn_2918,1987-10-18,Movies|Cooking|Cooking|Social causes and activism,Nanning,China
Gregory Amorosi,@gamorosi_2924,1977-09-10,Travel|Art|Movies,Laredo,Peru
Shane Hill,@shill_2927,1985-01-06,Movies,Chānasma,India
Robert Jones,@rjones_2934,1966-04-03,Gardening|Travel|Social causes and activism|Movies|Gaming,Imishli,Azerbaijan
Evelyn Bittle,@ebittle_2951,1969-11-23,Nature|Parenting and family|Education and learning|Movies,Barberton,South Africa
Tracy Jaeger,@tjaeger_2973,1987-08-04,Cars and automobiles|Movies,Premià de Mar,Spain
Dwight Thompson,@dthompson_2989,1970-05-28,Movies|Gaming|Gardening|Art,Cormano,Italy
Shane Mckinzie,@smckinzie_2992,1960-11-15,Social causes and activism|Fashion|Movies|Fashion|Music,Bahau,Malaysia
Verda Terres,@vterres_2997,1995-03-19,Fitness|Politics|Movies|History,Cubatão,Brazil
Paul Roman,@proman_3012,1991-02-04,DIY and crafts|Movies|Science,Khenchela,Algeria
Merle Martinez,@mmartinez_3018,2004-08-13,Movies|Cooking|Sports|Business and entrepreneurship,Vargem Grande,Brazil
Delilah Smith,@dsmith_3046,1961-06-17,Cars and automobiles|Movies|Books|Parenting and family|Photography,El Hatillo,Venezuela
Darryl Conley,@dconley_3047,1959-06-11,Movies|Gaming|Politics|Health and wellness|Food and dining,Brades,Montserrat
Theron Maguire,@tmaguire_3056,1968-06-01,Fashion|Art|Movies|Movies,Ålesund,Norway
Vicky Spurgeon,@vspurgeon_3066,1994-09-08,Movies|Fitness|Finance and investments|Art,Sagae,Japan
Julia Wilson,@jwilson_3099,1988-03-22,Parenting and family|Movies,Kālānwāli,India
Andrew Turner,@aturner_3105,1978-05-19,Movies|Health and wellness|Politics,Martin,Slovakia
Vicente Lewis,@vlewis_3113,1985-06-24,Books|Finance and investments|Fashion|Movies|Music,Selydove,Ukraine
Alex Mcmichael,@amcmichael_3132,1960-07-11,Photography|Movies|Technology,Amirdzhan,Azerbaijan
Rita Collins,@rcollins_3145,1968-01-05,Movies|DIY and crafts,Secaucus,United States
Kara Gilmore,@kgilmore_3148,1978-01-24,Parenting and family|Books|DIY and crafts|Gardening|Movies,San José de Jáchal,Argentina
John Jara,@jjara_3181,1961-12-14,Technology|Finance and investments|Movies|Politics,Roxas,Philippines
Mavis Torrez,@mtorrez_3189,1970-11-11,Politics|Beauty|Movies|Gaming|Outdoor activities,Jobabo,Cuba
Sharon Shannon,@sshannon_3203,1956-09-18,Movies|Travel|History|Music,Glace Bay,Canada
Mable Whitmore,@mwhitmore_3225,1996-09-10,Politics|Movies|Music|Fashion,Langepas,Russia
Nancy Hayes,@nhayes_3238,1995-03-11,Social causes and activism|Cooking|Movies|Outdoor activities,Francisco I. Madero,Mexico
Brad Corley,@bcorley_3241,1998-05-12,Cars and automobiles|Movies|Fashion|Movies,Tampere,Finland
Jeremiah Johnson,@jjohnson_3255,1988-08-19,Fashion|Movies|Education and learning|History,Al Quşayr,Egypt
Lillie Correla,@lcorrela_3256,1984-08-05,Technology|Health and wellness|Food and dining|Movies,Plottier,Argentina
Rebecca Schutz,@rschutz_3261,1997-10-10,Movies,Marín,Spain
John Ortego,@jortego_3266,2003-06-08,Movies,Mettmann,Germany
Ruth Lewis,@rlewis_3277,1968-01-08,Gaming|Movies|Photography,Bideford,United Kingdom
Patricia Mason,@pmason_3279,1973-06-07,Politics|Movies|Gaming,Ceres,United States
Jeff Kolinski,@jkolinski_3315,1970-09-15,Education and learning|Education and learning|History|Movies|Fitness,Sarreguemines,France
Arnulfo Fieldson,@afieldson_3328,1980-03-29,Movies|Music|Cooking,New Yekepa,Liberia
Sonia Wightman,@swightman_3329,1986-12-17,Movies|Education and learning|Cars and automobiles|DIY and crafts|Technology,Huadian,China
Ben Mcmullan,@bmcmullan_3333,1988-10-08,Movies|Fashion|Science,Boconó,Venezuela
Michelle Lee,@mlee_3335,1970-08-20,Movies|Music|Fashion|DIY and crafts|Business and entrepreneurship,Westminster,United States
Ethel Baker,@ebaker_3358,1985-10-09,History|Gardening|Movies,Hachinohe,Japan
Anna Mccallum,@amccallum_3361,1972-07-09,Technology|Cooking|Art|Movies|Art,Sukabumi,Indonesia
Jessica Cameron,@jcameron_3366,1958-11-13,Travel|Photography|Movies,Ambāh,India
Anna Adams,@aadams_3368,1968-11-07,Parenting and family|Health and wellness|Movies|Science,Vuyyūru,India
Sun Ballester,@sballester_3374,1963-11-01,Fashion|Beauty|Movies,Hamamatsu,Japan
Robyn Totten,@rtotten_3375,1989-08-08,Movies|Gaming|Books,Bar,Ukraine
James Hamilton,@jhamilton_3385,1958-05-09,Books|Movies|Science|Art|DIY and crafts,Kumano,Japan
Gerald Groves,@ggroves_3395,1964-10-26,Gaming|Movies|Business and entrepreneurship,Port-aux-Français,French Southern Territories
Gloria Mayo,@gmayo_3396,2003-06-22,Education and learning|Photography|Gardening|Movies|DIY and crafts,Noshiro,Japan
Angela Kirkpatrick,@akirkpatrick_3412,1994-01-22,Gardening|Travel|Movies|Art,Gaur,Nepal
Mary Boehme,@mboehme_3442,1990-06-03,Movies|Cars and automobiles|Technology|Travel|Art,Frankfort,United States
Rita Marsingill,@rmarsingill_3445,1993-06-13,Fashion|Cooking|Music|Movies,Ouésso,Republic of the Congo
Rosaline Williams,@rwilliams_3454,1986-06-08,Cars and automobiles|Social causes and activism|Cars and automobiles|Movies|Beauty,Bayou Cane,United States
Wade Kabel,@wkabel_3473,1964-06-13,Science|Movies|Nature|Food and dining,Punta Arenas,Chile
Ann Mcfarland,@amcfarland_3479,1981-02-26,Music|Books|Movies|Movies|Movies,Michelstadt,Germany
David Millwee,@dmillwee_3492,1986-02-25,Health and wellness|Photography|Movies|Fashion,Sihanoukville,Cambodia
Martha Green,@mgreen_3506,1986-08-01,Fashion|Pets|Movies|Sports|Books,Asahikawa,Japan
Fred Stevens,@fstevens_3512,1984-08-24,Technology|Beauty|Nature|Fashion|Movies,Itapetinga,Brazil
Beverly Sedrakyan,@bsedrakyan_3517,1969-12-08,Nature|Movies|Travel|Photography|Gaming,Tiptūr,India
Esther Thompson,@ethompson_3537,1980-05-15,Movies|Outdoor activities|Science|Movies,Hānsi,India
Dorothy Rabenold,@drabenold_3543,1991-07-05,Movies|Gardening|Social causes and activism|Gardening|Fitness,Sanary-sur-Mer,France
Edward Ware,@eware_3550,1958-03-16,Movies|Finance and investments|Fashion|Photography,Göppingen,Germany
Ana Sprenkle,@asprenkle_3572,1975-01-25,Movies|Finance and investments|Fitness,Rafaela,Argentina
Brenda Vasquez,@bvasquez_3580,1987-12-19,Parenting and family|Movies|Cooking|Gardening,Parkland,United States
George Jackson,@gjackson_3588,1989-01-29,Finance and investments|Beauty|Technology|Finance and investments|Movies,Brownsville,United States
Phyllis Ferguson,@pferguson_3613,1968-02-20,Movies|Movies|Outdoor activities,Szamotuły,Poland
Jennifer Carrera,@jcarrera_3630,1979-03-22,Movies|Business and entrepreneurship|Fashion,Bejuma,Venezuela
Angie Bell,@abell_3666,1990-10-25,Food and dining|History|Fashion|Parenting and family|Movies,Kalisz,Poland
Rufina Gene,@rgene_3686,1957-09-07,Health and wellness|Beauty|Social causes and activism|Movies|Outdoor activities,Sunland,United States
Eugene Cunningham,@ecunningham_3690,1973-04-15,Science|Movies,Akyazı,Turkey
George Guth,@gguth_3701,1985-09-10,Movies,Overland Park,United States
Kimberly Henderson,@khenderson_3705,1980-11-19,Fitness|Movies|Fashion|Music|History,Pishin,Pakistan
Clifton Sanders,@csanders_3707,1963-02-03,Pets|Movies,Hidaka,Japan
Marvin Young,@myoung_3709,1972-07-24,Education and learning|Movies|Beauty|Cooking|Science,Stróvolos,Cyprus
Fe Randall,@frandall_3711,2004-03-08,Movies|Fashion|Health and wellness|Sports,Fredrikstad,Norway
Nathan Rohde,@nrohde_3721,1994-11-10,Movies|Cars and automobiles|Gardening,Miandrarivo,Madagascar
Kendrick Simms,@ksimms_3752,1978-03-09,Finance and investments|Movies|Fashion|Parenting and family|Movies,Nakano,Japan
Ann Mitchell,@amitchell_3758,1986-01-04,Education and learning|History|Travel|Cooking|Movies,Stargard,Poland
Kenneth Bagley,@kbagley_3765,1973-11-19,Movies|Fitness|Gardening|Parenting and family|Parenting and family,Gifu-shi,Japan
Susana Perry,@sperry_3774,1989-10-22,Fashion|Travel|Movies,Linda-a-Velha,Portugal
Jerry Brown,@jbrown_3784,1967-03-22,Movies|Fitness,Việt Trì,Vietnam
Agnes Schinke,@aschinke_3788,1963-06-25,History|Fashion|Movies|Finance and investments|Cars and automobiles,Shaw,United States
Huey Lamon,@hlamon_3796,1988-04-13,Movies|Beauty|Health and wellness,Novopavlovsk,Russia
Mollie Shipp,@mshipp_3799,1963-10-23,Beauty|Art|Movies|DIY and crafts,Seriate,Italy
Joshua Brown,@jbrown_3804,1960-08-23,Business and entrepreneurship|Education and learning|Movies|Music,Paraíba do Sul,Brazil
John Martin,@jmartin_3809,1992-07-18,Health and wellness|Movies|Business and entrepreneurship,Uto,Japan
Woodrow Sherman,@wsherman_3819,1954-01-19,Health and wellness|Movies,Nanyamba,Tanzania
Brian Clark,@bclark_3821,1982-12-19,Fashion|Movies|Nature,Usera,Spain
Keith Gasper,@kgasper_3837,1968-11-29,Movies|Music|Education and learning|Cooking,Peshtera,Bulgaria
Gladys Stapleton,@gstapleton_3841,1989-01-25,Beauty|Movies,Ishikawa,Japan
Jana Rodriguez,@jrodriguez_3851,1995-08-10,History|Politics|Movies|Sports,Gérakas,Greece
Christopher Giardina,@cgiardina_3878,1973-11-16,DIY and crafts|Finance and investments|Movies|Pets|Art,Johnston,United States
John Regalado,@jregalado_3885,1972-02-14,Education and learning|Cars and automobiles|Movies,Sorgues,France
Maxine Bonner,@mbonner_3888,1991-03-13,Movies|Beauty|Education and learning|Gaming,El Hadjar,Algeria
Patrick Scott,@pscott_3890,1968-05-07,Gaming|Movies,Foster City,United States
Patricia Davidson,@pdavidson_3900,1989-09-26,Nature|Movies,Villiers-le-Bel,France
Joseph Grove,@jgrove_3909,1985-11-07,Education and learning|Fashion|Science|DIY and crafts|Movies,Eisen,South Korea
Eugene Cruz,@ecruz_3923,1960-07-05,Health and wellness|Books|Movies,Guarapuava,Brazil
Emily Colley,@ecolley_3926,1986-11-07,Health and wellness|Movies|Education and learning|Science|Pets,North Hollywood,United States
Neil Bruner,@nbruner_3937,1979-12-02,Politics|Pets|Business and entrepreneurship|Books|Movies,Adampur,India
Charles Little,@clittle_3943,1992-06-09,Parenting and family|Travel|Cars and automobiles|Movies|Business and entrepreneurship,Maebaru-chūō,Japan
Gregory Sprouse,@gsprouse_3950,1981-05-21,Fitness|Movies|Technology,Bhairab Bāzār,Bangladesh
George Jimenez,@gjimenez_3977,1968-05-31,Business and entrepreneurship|Music|Cars and automobiles|Movies,Wusu,China
Valerie Lyons,@vlyons_3978,1968-03-21,Nature|Movies|Fashion|Social causes and activism|Science,Bucak,Turkey
Dianna Garcia,@dgarcia_3979,1968-09-09,Social causes and activism|Movies|Books,Krychaw,Belarus
Connie Hersh,@chersh_3995,1961-05-16,Cars and automobiles|Gardening|Science|Movies,Nishinoomote,Japan
Wesley Karam,@wkaram_4021,1999-09-23,Movies|Technology,Qingquan,China
Ernest Rockwell,@erockwell_4035,1969-08-27,Cars and automobiles|Travel|Business and entrepreneurship|Fashion|Movies,Karlskrona,Sweden
Rhonda Reed,@rreed_4040,1955-12-03,Sports|Politics|Movies|Fashion|Business and entrepreneurship,Pankshin,Nigeria
Sadie Moreno,@smoreno_4046,1994-04-19,Finance and investments|Art|Movies|Fashion,Greenacre,Australia
Helen Smolik,@hsmolik_4054,1955-01-02,Health and wellness|Movies,IJsselstein,Netherlands
Jean Maisonet,@jmaisonet_4072,2001-08-15,Movies|Parenting and family|Gardening|Pets,Partille,Sweden
Cathryn Lawson,@clawson_4077,1980-12-23,Politics|Movies|Books|Fashion,Kingsville,United States
Shelly Costa,@scosta_4084,1982-02-18,Movies,Djibo,Burkina Faso
Andrew Lindall,@alindall_4087,1962-06-23,Pets|Movies|Pets|Food and dining,Lake Mary,United States
James Taylor,@jtaylor_4089,2003-10-07,Sports|Health and wellness|Parenting and family|Movies|Photography,Gorgonzola,Italy
Pablo Collura,@pcollura_4099,1982-06-14,Parenting and family|History|Movies|Fashion|Fashion,Irugūr,India
Ruth Carter,@rcarter_4104,1981-03-18,Movies|Outdoor activities|Parenting and family|Sports,Lomita,United States
Thomas Miles,@tmiles_4110,1976-01-01,Business and entrepreneurship|Music|Fitness|Movies,Rodniki,Russia
Bettye Roberts,@broberts_4117,1977-11-13,Books|Food and dining|Movies|Fashion|Food and dining,Uzgen,Kyrgyzstan
Hortencia Felder,@hfelder_4120,1980-11-28,Food and dining|Food and dining|Outdoor activities|Movies,Parola,India
Jorge Cashio,@jcashio_4134,1972-10-13,Finance and investments|Social causes and activism|Movies|History|Gardening,Nairobi,Kenya
Verna Mckay,@vmckay_4137,1980-04-03,Politics|Movies|Photography|Movies,Eminönü,Turkey
Susan Mays,@smays_4143,1998-11-11,Movies|Gaming|Food and dining|Technology,Baud,India
James Yates,@jyates_4151,1981-11-04,Fitness|Cars and automobiles|Movies|Health and wellness,Rēzekne,Latvia
Helen Bostrom,@hbostrom_4181,2003-11-23,DIY and crafts|Nature|Movies|Cooking|Fashion,Cary,United States
Sandra Anderson,@sanderson_4188,1969-08-29,Books|Fashion|DIY and crafts|Movies,Chillupār,India
Julia Fernandez,@jfernandez_4208,1956-04-02,Movies|Fashion|Gardening|Politics|Fashion,Cuiabá,Brazil
Edna Walter,@ewalter_4221,1978-05-24,Movies|History|History|Travel|Science,La Chapelle-sur-Erdre,France
Ashley Boller,@aboller_4222,2004-07-13,Travel|Movies|Sports|Photography|Science,Santa Helena,Brazil
Melina Biancuzzo,@mbiancuzzo_4230,1994-05-09,Science|Books|Movies|Science,Geraardsbergen,Belgium
Paul Biggs,@pbiggs_4231,1965-03-11,Politics|Movies|Food and dining,Balanbale,Somalia
Gregory Custodio,@gcustodio_4242,1984-11-24,Education and learning|Movies|Music|Finance and investments,Prachin Buri,Thailand
Charles Smith,@csmith_4262,1987-12-25,History|Movies|Technology|Books,Kendall,United States
Lyndia Desrosiers,@ldesrosiers_4272,1987-04-06,Movies|DIY and crafts,Vlaardingen,Netherlands
Caitlin Mahler,@cmahler_4295,2003-02-18,Movies|Parenting and family,Chirpan,Bulgaria
Denny Clark,@dclark_4296,1983-08-19,Cars and automobiles|Movies|DIY and crafts,Xinmin,China
Linda Manzanarez,@lmanzanarez_4314,1978-08-18,Science|Movies|Education and learning,Neustadt bei Coburg,Germany
Marie Prater,@mprater_4332,1955-05-29,Movies,Celbridge,Ireland
William Cooper,@wcooper_4333,1955-01-15,DIY and crafts|Movies|Health and wellness,Gwalior,India
Jason Palmer,@jpalmer_4339,1986-03-08,Books|Food and dining|Movies,Chelak,Uzbekistan
Gail Mohr,@gmohr_4345,1955-04-09,Movies,Baltimore,United States
Beatrice Howard,@bhoward_4355,2004-12-28,Science|Movies,Gjakovë,Kosovo
Daniel Catano,@dcatano_4412,1983-08-04,Fitness|Food and dining|Movies|Fitness,Kovrov,Russia
Isabel Sanchez,@isanchez_4413,1970-08-08,Outdoor activities|Fitness|Beauty|Movies|Sports,Senak’i,Georgia
Larry Mitchell,@lmitchell_4415,1986-03-27,Art|DIY and crafts|Movies,Urziceni,Romania
Bernadette Mowatt,@bmowatt_4420,1998-04-06,Business and entrepreneurship|Politics|Movies|Food and dining|Food and dining,Daryāpur,India
Wendell Vojna,@wvojna_4426,1987-05-14,Politics|Movies|Cooking|Movies,Shanting,China
George Robinson,@grobinson_4438,1991-06-29,Health and wellness|Movies,Surallah,Philippines
Chelsey Brown,@cbrown_4450,1969-10-19,Movies|Science,Mariveles,Philippines
Hannah Lee,@hlee_4475,1993-03-09,Movies|Pets|Science,’Aïn el Hammam,Algeria
Thomas Pinkston,@tpinkston_4491,1994-01-09,Movies|Parenting and family|Social causes and activism,Bignay Uno,Philippines
Olga James,@ojames_4515,1978-08-23,Health and wellness|Cars and automobiles|Fitness|Movies,Florida Ridge,United States
John Tarkington,@jtarkington_4521,2001-08-09,Finance and investments|Health and wellness|Music|Movies,Jaffa,Israel
Eric Groves,@egroves_4530,1990-05-21,Movies|Beauty,Tangub,Philippines
Ashley Robison,@arobison_4541,2003-04-11,Movies|Gaming,Haverhill,United States
Lori Klein,@lklein_4549,1978-07-24,Movies|Outdoor activities|Art|Science|Photography,Augusta,Italy
Michael Neville,@mneville_4567,1965-05-31,Art|Movies|Art|Technology,Gaalkacyo,Somalia
Kenneth Melena,@kmelena_4589,1988-12-17,Pets|Science|Movies,Narang Mandi,Pakistan
Wonda Mills,@wmills_4594,1970-11-16,Politics|Movies|Business and entrepreneurship|Fashion,Tây Ninh,Vietnam
William Baker,@wbaker_4610,1970-06-20,Books|Movies|Health and wellness|Parenting and family|Finance and investments,Porto Sant'Elpidio,Italy
Maria Myers,@mmyers_4614,1996-03-03,DIY and crafts|Movies,Muttenz,Switzerland
Luann Mccollough,@lmccollough_4618,1971-09-11,Music|Fashion|Movies|Health and wellness|Travel,Jhānsi,India
Juan English,@jenglish_4619,1981-10-17,Parenting and family|Movies|Health and wellness|Beauty,Bang Rakam,Thailand
Virginia Martinez,@vmartinez_4625,1978-07-28,Travel|Gaming|Movies|Sports|Education and learning,Sena Madureira,Brazil
James Price,@jprice_4649,2001-11-24,Movies|Gardening|Cooking|Science|Fitness,Kodār,India
Walter Turk,@wturk_4654,1968-01-06,Health and wellness|Outdoor activities|Movies,Spring Valley,United States
Michael Ring,@mring_4661,1960-10-22,Movies|Finance and investments|Fitness|Cooking|Movies,Campoalegre,Colombia
Daniel Yates,@dyates_4676,1978-08-19,Politics|Beauty|Movies|Gardening|Fashion,Eunápolis,Brazil
Patsy Mccrudden,@pmccrudden_4682,1973-07-24,Books|Fitness|Movies|Technology|Movies,Fontaine,France
George Mcneill,@gmcneill_4709,1980-09-27,Cooking|Movies|Social causes and activism|History|Photography,Asilah,Morocco
Michael Hathaway,@mhathaway_4742,1992-12-04,Art|Travel|Movies|Art|Gaming,Ponders End,United Kingdom
Donald Massie,@dmassie_4753,1970-05-11,Sports|Movies|Education and learning|Finance and investments,Luojiang,China
Paulette Bacon,@pbacon_4755,1961-11-08,Photography|Movies|Fashion,Xiuying,China
David Marsha,@dmarsha_4772,1967-04-10,Nature|Social causes and activism|Movies|Fashion,Damiao,China
Ana Dugar,@adugar_4775,1960-03-12,Fashion|Fashion|Movies|Politics,Kostanay,Kazakhstan
Linda Mysak,@lmysak_4782,1972-01-19,Nature|Movies|Fashion|Pets|Nature,Paghmān,Afghanistan
Gregory Lopez,@glopez_4785,1975-03-22,Photography|DIY and crafts|Movies,Kurnool,India
Amy Hodges,@ahodges_4790,1976-10-11,Photography|Movies|Beauty,West Pennant Hills,Australia
Dave Wilson,@dwilson_4803,1985-05-10,Parenting and family|Parenting and family|Movies,Aruppukkottai,India
Brian Davis,@bdavis_4808,1991-01-04,Fashion|Technology|Books|Movies|Technology,Zabīd,Yemen
Kathleen Mcglothlin,@kmcglothlin_4816,1999-03-10,Photography|Outdoor activities|Movies|Parenting and family|Books,Mungeli,India
Barbara Stevens,@bstevens_4821,1984-03-27,Movies|Fitness|Finance and investments,Brugherio,Italy
Willie Sanders,@wsanders_4829,1955-03-17,Art|Movies|Beauty,Eloy,United States
Ann Koester,@akoester_4833,1966-11-20,Parenting and family|Fashion|Finance and investments|Movies|Parenting and family,Fairfield Heights,United States
Josephine Williams,@jwilliams_4892,1982-01-27,DIY and crafts|Finance and investments|Movies|Photography|Fitness,Wyndham Vale,Australia
Robert Diggs,@rdiggs_4907,1970-08-24,Movies,Gapan,Philippines
Becky Brewer,@bbrewer_4929,1966-10-03,Movies|Outdoor activities|Music|Fitness|Education and learning,Jingzhi,China
Laurie Litteral,@llitteral_4933,1959-10-10,DIY and crafts|Music|Movies|Sports|Cars and automobiles,Qaşr-e Qand,Iran
Maira Herman,@mherman_4941,1995-06-17,Cooking|Parenting and family|Finance and investments|Movies|Fitness,Thái Bình,Vietnam
Ralph Castor,@rcastor_4942,1965-01-28,History|Movies,Péfki,Greece
Lina Fry,@lfry_4944,1990-09-21,Art|Fashion|Science|Nature|Movies,Quwaysinā,Egypt
Kathy Williams,@kwilliams_4945,2000-02-07,Photography|Finance and investments|Movies|Photography|History,Cabrobó,Brazil
Faye Ovellette,@fovellette_4949,1963-04-09,Food and dining|Movies|Music|Beauty,Khlong Luang,Thailand
Jennifer Johnson,@jjohnson_4978,1994-02-26,Gardening|Education and learning|Movies|Fashion|Finance and investments,Albi,France
Barbara Clark,@bclark_4980,1993-12-17,Cars and automobiles|Movies|Beauty|Nature,Picos,Brazil
Gloria Kneser,@gkneser_4982,1974-09-29,Movies|History,Valente Diaz,Mexico
Angela Mcmilliam,@amcmilliam_4986,1959-10-18,Finance and investments|Sports|Cooking|Beauty|Movies,Imishli,Azerbaijan
Christine Davis,@cdavis_5008,1995-03-22,Travel|Business and entrepreneurship|Social causes and activism|Movies|Music,Haitou,China
Carol Salinas,@csalinas_5013,1973-02-12,Art|Movies|Cooking|Nature|Travel,Rochester,United States
Paul Yeadon,@pyeadon_5022,1998-05-23,Technology|Movies,Maheshtala,India
Claude Wolfinger,@cwolfinger_5047,1965-06-08,Movies|Education and learning|Art|Fashion|Food and dining,Skegness,United Kingdom
Kevin Defoor,@kdefoor_5053,2003-05-20,Parenting and family|Movies|Pets|Fashion,Fuzhou,China
Herbert Doran,@hdoran_5072,2004-12-07,Photography|Movies,Mundra,India
Gilbert Hazzard,@ghazzard_5085,2000-12-28,Movies|Food and dining,Chamba,India
Sally Beaver,@sbeaver_5088,1986-05-28,Health and wellness|History|Fashion|Movies|Parenting and family,Chimala,Tanzania
Sandra Adams,@sadams_5091,1954-04-23,Movies|Politics|Fashion|Parenting and family|Sports,University Place,United States
Nicole Smith,@nsmith_5103,1974-07-29,Travel|Photography|Movies|Movies|Business and entrepreneurship,Oliver-Valdefierro,Spain
John Mattila,@jmattila_5105,1985-03-08,Movies|History,Chekhov,Russia
Daryl Coleman,@dcoleman_5107,1954-10-21,Movies|Gaming|Health and wellness|Technology,Chiba,Japan
Annie Danielson,@adanielson_5121,1988-06-20,Travel|Gardening|Parenting and family|Science|Movies,Yangcheng,China
Lois Given,@lgiven_5129,1985-10-26,Movies|DIY and crafts|Technology|History,Takaishi,Japan
Robert Rhoads,@rrhoads_5164,1993-03-30,Movies|Music|Cooking|History|Nature,Cranebrook,Australia
Mary Royer,@mroyer_5193,1991-05-26,Movies|Travel,Santo Domingo Oeste,Dominican Republic
Billy Carter,@bcarter_5202,1964-08-21,History|Movies|Finance and investments|Food and dining,San Giovanni in Fiore,Italy
Jamie Jaramillo,@jjaramillo_5230,2001-08-10,Social causes and activism|Cooking|Movies|Outdoor activities,Serdobsk,Russia
Joyce Carrera,@jcarrera_5233,1998-12-22,Beauty|Movies|Cars and automobiles,Kariya,Japan
Mark Green,@mgreen_5237,1984-01-27,Pets|Technology|Health and wellness|Movies|Gaming,Fort Wayne,United States
Paul Ramirez,@pramirez_5240,1961-10-16,Health and wellness|Pets|Movies,Yuen Long Kau Hui,Hong Kong
Leslie Beek,@lbeek_5250,1981-11-09,Movies|Fashion|Pets,Tucacas,Venezuela
Carin Greve,@cgreve_5252,1997-08-01,Movies,Hortaleza,Spain
Jacqueline Hunter,@jhunter_5259,1985-08-12,Business and entrepreneurship|Movies|Travel,Medgidia,Romania
Jennifer Gietz,@jgietz_5260,1972-06-19,Books|Movies,Miandrivazo,Madagascar
Kevin Householder,@khouseholder_5267,1961-03-05,Business and entrepreneurship|Movies,Aarschot,Belgium
Leo Fairbanks,@lfairbanks_5272,1989-08-20,Outdoor activities|Education and learning|Politics|Movies|Education and learning,Surabaya,Indonesia
Jason Godwin,@jgodwin_5278,1967-12-15,Movies|Art|Fashion|Fitness|Nature,Severomorsk,Russia
David Gietz,@dgietz_5292,1955-06-24,Parenting and family|Movies,Jalor,India
Adeline Francis,@afrancis_5294,1958-12-21,Movies|DIY and crafts|Sports,Kuanchuan,China
Ricardo Smyth,@rsmyth_5306,1960-07-17,Movies|Fitness|Sports,Jingui,China
Bobbie White,@bwhite_5309,1955-11-01,Education and learning|Health and wellness|Parenting and family|Movies|Politics,Ninghai,China
George Willis,@gwillis_5328,1974-12-01,Movies|Fashion|Sports|Fashion,Aflou,Algeria
Benjamin Griffin,@bgriffin_5331,2001-01-13,Gardening|Art|Movies|Pets,Chengdu,China
Kenneth Compton,@kcompton_5348,1977-10-20,Movies|Music|Gardening|Technology,Fatsa,Turkey
John Gneiser,@jgneiser_5353,1958-11-23,Books|Science|Movies|Outdoor activities,Rawmarsh,United Kingdom
Rosario Christianson,@rchristianson_5369,2000-10-22,Movies|History,Estrela,Brazil
Edward Powell,@epowell_5379,1965-12-01,Pets|Movies|Social causes and activism|Technology,Alcantarilla,Spain
Peggy Durate,@pdurate_5391,2004-09-16,Cooking|Gardening|Fashion|Pets|Movies,Springe,Germany
James Alexander,@jalexander_5411,2000-08-12,Books|Technology|Movies,Erraguntla,India
Lillian Meier,@lmeier_5416,1998-01-12,Books|Movies|Books,Bracknell,United Kingdom
Mildred Syring,@msyring_5448,1959-10-11,Photography|Movies|Outdoor activities|DIY and crafts,Darmstadt,Germany
James Pelaez,@jpelaez_5454,1977-09-26,History|Movies,Estero,United States
John Meeks,@jmeeks_5459,1990-06-28,Gardening|Beauty|Travel|Movies,Montevarchi,Italy
Paul Gardner,@pgardner_5471,2000-01-29,Music|Movies|Fashion,Butajīra,Ethiopia
William Robertson,@wrobertson_5487,1961-08-02,Movies|Photography|Fitness|Finance and investments|Music,Stockholm,Sweden
Ernest Newton,@enewton_5514,1964-06-22,Travel|Movies|Education and learning,Belleville,United States
Mark Cart,@mcart_5535,1966-04-12,Politics|Movies,Troy,United States
Pete Dattilo,@pdattilo_5550,2000-01-26,Movies|Parenting and family|Photography,Badūria,India
Harriet Bickford,@hbickford_5553,1994-07-23,Music|Movies|DIY and crafts|Movies|Pets,Batu,Indonesia
Sarah Lee,@slee_5582,1972-02-07,Education and learning|Movies,Pingdingshan,China
Lucile Cacciatori,@lcacciatori_5585,1982-11-22,Business and entrepreneurship|Movies,Neue Neustadt,Germany
Deborah Jones,@djones_5600,1990-03-02,Art|History|Music|Movies|Fitness,Puerto Píritu,Venezuela
Shawn Dungy,@sdungy_5609,1988-07-19,Movies,Monywa,Myanmar
Annie Trujillo,@atrujillo_5616,1962-08-24,Travel|Business and entrepreneurship|Movies|Outdoor activities|Outdoor activities,Ţanţā,Egypt
John Charity,@jcharity_5622,1966-12-18,History|Beauty|Fashion|Movies|Parenting and family,Sagua la Grande,Cuba
Robert Lewis,@rlewis_5624,1981-11-12,Education and learning|Science|Movies,Kasongo,Democratic Republic of the Congo
Margaret Wood,@mwood_5625,1970-02-22,Social causes and activism|Movies,Shaozhuang,China
Jeramy Bond,@jbond_5630,1979-03-19,Fitness|Gardening|Art|Fashion|Movies,Gjilan,Kosovo
Lewis Evans,@levans_5641,1961-03-18,DIY and crafts|Movies|Politics|Gaming,Morondava,Madagascar
Shirley Thomas,@sthomas_5679,2002-05-28,Outdoor activities|Movies|Pets|Food and dining|Business and entrepreneurship,Ningbo,China
Teresa Flores,@tflores_5682,1980-03-15,Music|Fitness|Movies|Cars and automobiles,Zarand,Iran
Luther Klein,@lklein_5684,1999-07-09,Movies|Beauty|Technology|Art|Technology,Maubeuge,France
Sylvia Green,@sgreen_5688,2002-07-18,Books|Photography|Movies,Oleśnica,Poland
Raul Jaji,@rjaji_5691,1973-04-27,Movies|Fashion|Finance and investments|Nature|Education and learning,Mogi Mirim,Brazil
Barbara Santiago,@bsantiago_5698,1954-06-04,Movies|Pets,Francistown,Botswana
Geoffrey Dillahunt,@gdillahunt_5702,1966-12-24,Politics|Movies|Food and dining,North Chicopee,United States
Marcus Hubbard,@mhubbard_5720,1999-10-14,Art|Fashion|Art|Movies,Mikołów,Poland
Tonya Ong,@tong_5764,1973-08-05,Art|Cars and automobiles|Education and learning|Education and learning|Movies,Umm Ruwaba,Sudan
Allen Thomas,@athomas_5768,1977-03-29,History|Movies|Pets|Pets|Pets,Beckingen,Germany
Marilyn Castellana,@mcastellana_5773,1955-09-01,Movies|Beauty|Nature|Cars and automobiles,Axochiapan,Mexico
Albert Matlock,@amatlock_5781,2003-11-20,Movies,Tepeji del Río de Ocampo,Mexico
Brandon Cantrell,@bcantrell_5787,1971-07-23,Movies,Vladivostok,Russia
Roger Rodriquez,@rrodriquez_5803,1967-08-14,Movies|Health and wellness,Concepcion,Philippines
Morris Solem,@msolem_5805,1972-09-17,Movies|Business and entrepreneurship,Stebnyk,Ukraine
Dennis Goodman,@dgoodman_5806,1995-08-09,Politics|Fashion|Movies|Pets,Paracho de Verduzco,Mexico
Patricia Winterbottom,@pwinterbottom_5820,1970-07-07,Cars and automobiles|Gaming|Movies|Gaming|Parenting and family,El Achir,Algeria
Jenice Spenser,@jspenser_5827,1963-11-12,Music|Sports|Fashion|Movies,Mooroolbark,Australia
Miranda Saunders,@msaunders_5835,1963-11-22,Finance and investments|Fashion|Art|DIY and crafts|Movies,Ualog,Philippines
Morris Anderson,@manderson_5878,1996-03-10,Fitness|Gardening|Books|Outdoor activities|Movies,Takeo,Cambodia
Mabel Fairley,@mfairley_5889,1955-02-13,Movies,Esfarāyen,Iran
Paul Marshall,@pmarshall_5916,1975-12-21,Movies|Business and entrepreneurship|Art|Finance and investments|Health and wellness,Mott Haven,United States
Bret Stewart,@bstewart_5921,1988-08-07,Cooking|DIY and crafts|Movies|Travel|Books,Riverside,United States
Nicholas Soto,@nsoto_5927,1968-01-08,Movies,Moabit,Germany
Rita Osbourn,@rosbourn_5935,1966-08-09,Travel|Movies|Technology|Business and entrepreneurship|Books,Banjaran,Indonesia
Rachel Haro,@rharo_5937,1983-04-02,Movies|Movies|Beauty|Movies|Fashion,Zeerust,South Africa
Monserrate Horn,@mhorn_5957,1990-10-12,Cars and automobiles|Health and wellness|Movies|Photography|History,Gantang,China
Jacqueline Baumbusch,@jbaumbusch_5960,1993-03-24,Books|Nature|Movies,Luleå,Sweden
Miranda Dandrea,@mdandrea_5968,2003-12-25,Movies|Cooking|Social causes and activism|Cars and automobiles|Pets,Tekāri,India
Rose Brown,@rbrown_5978,1982-06-26,Science|Gaming|Movies|Music,Dushi,China
Ursula Netolicky,@unetolicky_5983,1962-01-11,Travel|Movies|Technology,Bhubaneshwar,India
Clyde Ulsamer,@culsamer_5999,1972-07-20,Fashion|Movies|Science,Centennial,United States
Robert Moore,@rmoore_6004,1981-11-04,Movies|Fashion|Health and wellness,Englemount-Lawrence,Canada
Salvador Butler,@sbutler_6010,1964-10-19,Movies,Tarhuna,Libya
Kenneth Stewart,@kstewart_6020,1964-04-14,Fitness|Movies|Cars and automobiles,Charlottenlund,Denmark
Vivian Estrada,@vestrada_6023,1980-10-19,Movies|Movies|Fashion|Health and wellness,Kai,Japan
