Name,username,DOB,Interests,City,Country
David Haden,@dhaden_55,2001-12-25,Movies|Social causes and activism|Business and entrepreneurship,Lubbock,United States
Ronald Mcnealy,@rmcnealy_299,1966-07-21,Photography|DIY and crafts|Sports|Beauty|Movies,East Concord,United States
Edward Passmore,@epassmore_305,1967-06-17,Movies|Education and learning|Fitness|Art,Holiday,United States
Nancy Didonna,@ndidonna_360,1989-04-19,Politics|Gardening|Movies|Fashion,Coney Island,United States
Robert Johnson,@rjohnson_412,1985-05-12,Pets|Movies|Music|Gardening,Bellevue,United States
Edward Castellano,@ecastellano_439,1992-12-06,Movies|Fashion|Music|Science,Boca Del Mar,United States
John Avila,@javila_487,1987-08-15,Movies|Pets|Social causes and activism|Health and wellness,El Segundo,United States
William Mullins,@wmullins_581,1961-09-02,Movies|Parenting and family|Food and dining|Sports,The Hammocks,United States
Walter Irby,@wirby_681,1964-07-22,Sports|Movies|Movies|Music,Woburn,United States
Harold Mimms,@hmimms_774,1954-03-22,Technology|Business and entrepreneurship|Movies,Avondale,United States
Sheldon Beasley,@sbeasley_1024,1971-08-02,Fashion|Social causes and activism|Movies,Mokena,United States
Gladys Ramirez,@gramirez_1085,1963-02-13,Movies|Beauty,New Rochelle,United States
Michael Moore,@mmoore_1253,1965-12-18,Finance and investments|Movies|Photography|Parenting and family|Fitness,Chamblee,United States
John Nicholson,@jnicholson_1363,1988-02-07,Fitness|Fashion|Movies,SeaTac,United States
Era Shape,@eshape_1507,2003-03-19,Outdoor activities|Movies|Business and entrepreneurship,Bothell,United States
Candy Payne,@cpayne_1569,1994-06-07,Travel|Movies,Jeffersontown,United States
Clifford Montgomery,@cmontgomery_1589,1993-06-12,Health and wellness|Technology|Education and learning|Movies|Beauty,Oswego,United States
Jesus Martell,@jmartell_1635,1985-11-21,Movies|Business and entrepreneurship|Books,Medford,United States
Carla Williams,@cwilliams_1684,1994-10-23,Fitness|Finance and investments|Movies|Business and entrepreneurship|Beauty,Spanish Fork,United States
Chrissy Daniels,@cdaniels_1707,1957-03-16,Books|Movies|Technology|Social causes and activism|History,Grayslake,United States
Kenneth Travis,@ktravis_1784,1972-12-31,Books|Movies,La Crescenta-Montrose,United States
Laura Baird,@lbaird_1790,1994-12-10,Movies,Cranston,United States
June Drew,@jdrew_1848,1991-07-26,Photography|Movies|Cooking,San Benito,United States
Florence Whaley,@fwhaley_1860,1972-08-28,Health and wellness|Beauty|Movies,Green,United States
Robert Burdett,@rburdett_1876,1976-09-07,Education and learning|Movies,Fallbrook,United States
Patsy Thomas,@pthomas_1989,1996-01-05,Cooking|Movies,Aurora,United States
Sherman Roe,@sroe_2015,1983-01-11,DIY and crafts|Movies,Tanque Verde,United States
Will Kim,@wkim_2061,1966-08-28,Outdoor activities|Finance and investments|History|Movies,Manassas Park,United States
Danielle Nystrom,@dnystrom_2135,1954-09-24,Social causes and activism|Movies|Photography|DIY and crafts,Middleborough,United States
Nanette Anderson,@nanderson_2175,1967-01-26,Business and entrepreneurship|Movies|Business and entrepreneurship|Travel,Wantagh,United States
Darlene Browning,@dbrowning_2228,1959-03-27,Science|Sports|Outdoor activities|Movies|Beauty,Cudahy,United States
Brian Denison,@bdenison_2233,2000-08-17,Movies|Parenting and family|Sports|Cooking,Beaumont,United States
Rachael Ford,@rford_2315,1967-12-27,Movies|Science|Books|Technology,Wayne,United States
Lori Jeanbaptiste,@ljeanbaptiste_2441,2002-08-21,Movies,Danville,United States
Shirley Sanchez,@ssanchez_2458,1984-07-13,Fashion|Movies,Saint Clair Shores,United States
Rickey Davis,@rdavis_2506,1991-11-11,Movies|Politics|Photography|Outdoor activities,Plainville,United States
Blanche Heinz,@bheinz_2682,1988-06-23,DIY and crafts|Cars and automobiles|History|Movies|Fashion,Spring Valley,United States
Derek Williams,@dwilliams_2807,1990-05-16,Gardening|Fashion|Gaming|Movies|Sports,Holyoke,United States
Rita Collins,@rcollins_3145,1968-01-05,Movies|DIY and crafts,Secaucus,United States
Patricia Mason,@pmason_3279,1973-06-07,Politics|Movies|Gaming,Ceres,United States
Michelle Lee,@mlee_3335,1970-08-20,Movies|Music|Fashion|DIY and crafts|Business and entrepreneurship,Westminster,United States
Mary Boehme,@mboehme_3442,1990-06-03,Movies|Cars and automobiles|Technology|Travel|Art,Frankfort,United States
Rosaline Williams,@rwilliams_3454,1986-06-08,Cars and automobiles|Social causes and activism|Cars and automobiles|Movies|Beauty,Bayou Cane,United States
Brenda Vasquez,@bvasquez_3580,1987-12-19,Parenting and family|Movies|Cooking|Gardening,Parkland,United States
George Jackson,@gjackson_3588,1989-01-29,Finance and investments|Beauty|Technology|Finance and investments|Movies,Brownsville,United States
Rufina Gene,@rgene_3686,1957-09-07,Health and wellness|Beauty|Social causes and activism|Movies|Outdoor activities,Sunland,United States
George Guth,@gguth_3701,1985-09-10,Movies,Overland Park,United States
Agnes Schinke,@aschinke_3788,1963-06-25,History|Fashion|Movies|Finance and investments|Cars and automobiles,Shaw,United States
Christopher Giardina,@cgiardina_3878,1973-11-16,DIY and crafts|Finance and investments|Movies|Pets|Art,Johnston,United States
Patrick Scott,@pscott_3890,1968-05-07,Gaming|Movies,Foster City,United States
Emily Colley,@ecolley_3926,1986-11-07,Health and wellness|Movies|Education and learning|Science|Pets,North Hollywood,United States
Cathryn Lawson,@clawson_4077,1980-12-23,Politics|Movies|Books|Fashion,Kingsville,United States
Andrew Lindall,@alindall_4087,1962-06-23,Pets|Movies|Pets|Food and dining,Lake Mary,United States
Ruth Carter,@rcarter_4104,1981-03-18,Movies|Outdoor activities|Parenting and family|Sports,Lomita,United States
Helen Bostrom,@hbostrom_4181,2003-11-23,DIY and crafts|Nature|Movies|Cooking|Fashion,Cary,United States
Charles Smith,@csmith_4262,1987-12-25,History|Movies|Technology|Books,Kendall,United States
Gail Mohr,@gmohr_4345,1955-04-09,Movies,Baltimore,United States
Olga James,@ojames_4515,1978-08-23,Health and wellness|Cars and automobiles|Fitness|Movies,Florida Ridge,United States
Ashley Robison,@arobison_4541,2003-04-11,Movies|Gaming,Haverhill,United States
Walter Turk,@wturk_4654,1968-01-06,Health and wellness|Outdoor activities|Movies,Spring Valley,United States
Willie Sanders,@wsanders_4829,1955-03-17,Art|Movies|Beauty,Eloy,United States
Ann Koester,@akoester_4833,1966-11-20,Parenting and family|Fashion|Finance and investments|Movies|Parenting and family,Fairfield Heights,United States
Carol Salinas,@csalinas_5013,1973-02-12,Art|Movies|Cooking|Nature|Travel,Rochester,United States
Sandra Adams,@sadams_5091,1954-04-23,Movies|Politics|Fashion|Parenting and family|Sports,University Place,United States
Mark Green,@mgreen_5237,1984-01-27,Pets|Technology|Health and wellness|Movies|Gaming,Fort Wayne,United States
James Pelaez,@jpelaez_5454,1977-09-26,History|Movies,Estero,United States
Ernest Newton,@enewton_5514,1964-06-22,Travel|Movies|Education and learning,Belleville,United States
Mark Cart,@mcart_5535,1966-04-12,Politics|Movies,Troy,United States
Geoffrey Dillahunt,@gdillahunt_5702,1966-12-24,Politics|Movies|Food and dining,North Chicopee,United States
Paul Marshall,@pmarshall_5916,1975-12-21,Movies|Business and entrepreneurship|Art|Finance and investments|Health and wellness,Mott Haven,United States
Bret Stewart,@bstewart_5921,1988-08-07,Cooking|DIY and crafts|Movies|Travel|Books,Riverside,United States
Clyde Ulsamer,@culsamer_5999,1972-07-20,Fashion|Movies|Science,Centennial,United States
